<?xml version="1.0" encoding ="utf-8"?>
<swc xmlns="http://www.adobe.com/flash/swccatalog/9">
  <versions>
    <swc version="1.2" />
    <flex version="4.6.0" build="23201" minimumSupportedVersion="3.0.0" />
  </versions>
  <features>
    <feature-script-deps />
    <feature-files />
  </features>
  <libraries>
    <library path="library.swf">
      <script name="com/codealchemy/ane/admobane/AdMobManager" mod="1397472168448" signatureChecksum="1680240329" >
        <def id="com.codealchemy.ane.admobane:AdMobManager" /> 
        <dep id="com.codealchemy.ane.admobane:AdMobEvent" type="e" /> 
        <dep id="Date" type="e" /> 
        <dep id="trace" type="e" /> 
        <dep id="flash.system:Capabilities" type="e" /> 
        <dep id="Math" type="e" /> 
        <dep id="flash.events:StatusEvent" type="e" /> 
        <dep id="com.codealchemy.ane.admobane:AdMobBanner" type="e" /> 
        <dep id="flash.external:ExtensionContext" type="e" /> 
        <dep id="com.codealchemy.ane.admobane:AdMobFunctions" type="e" /> 
        <dep id="flash.utils:Dictionary" type="e" /> 
        <dep id="com.codealchemy.ane.admobane:AdMobEvent" type="s" /> 
        <dep id="com.codealchemy.ane.admobane:AdMobBanner" type="s" /> 
        <dep id="flash.events:StatusEvent" type="s" /> 
        <dep id="flash.external:ExtensionContext" type="s" /> 
        <dep id="flash.utils:Dictionary" type="s" /> 
        <dep id="AS3" type="n" /> 
        <dep id="flash.events:EventDispatcher" type="i" /> 
      </script>
      <script name="com/codealchemy/ane/admobane/AdMobFunctions" mod="1396944361372" signatureChecksum="1661855775" >
        <def id="com.codealchemy.ane.admobane:AdMobFunctions" /> 
        <dep id="AS3" type="n" /> 
        <dep id="Object" type="i" /> 
      </script>
      <script name="_e15e2863ed7703865f079cd9b88cdbdfab652e80409ce7b05aabb177ca3c821b_flash_display_Sprite" mod="1397472187513" signatureChecksum="1232305081" >
        <def id="_e15e2863ed7703865f079cd9b88cdbdfab652e80409ce7b05aabb177ca3c821b_flash_display_Sprite" /> 
        <dep id="flash.system:Security" type="e" /> 
        <dep id="AS3" type="n" /> 
        <dep id="flash.display:Sprite" type="i" /> 
      </script>
      <script name="com/codealchemy/ane/admobane/AdMobPosition" mod="1396722192466" signatureChecksum="1493007400" >
        <def id="com.codealchemy.ane.admobane:AdMobPosition" /> 
        <dep id="AS3" type="n" /> 
        <dep id="Object" type="i" /> 
      </script>
      <script name="com/codealchemy/ane/admobane/AdMobSize" mod="1397232211124" signatureChecksum="2474603589" >
        <def id="com.codealchemy.ane.admobane:AdMobSize" /> 
        <dep id="AS3" type="n" /> 
        <dep id="Object" type="i" /> 
      </script>
      <script name="com/codealchemy/ane/admobane/AdMobBanner" mod="1396766791979" signatureChecksum="3235935441" >
        <def id="com.codealchemy.ane.admobane:AdMobBanner" /> 
        <dep id="AS3" type="n" /> 
        <dep id="Object" type="i" /> 
      </script>
      <script name="com/codealchemy/ane/admobane/AdMobEvent" mod="1396764154130" signatureChecksum="1315754715" >
        <def id="com.codealchemy.ane.admobane:AdMobEvent" /> 
        <dep id="AS3" type="n" /> 
        <dep id="flash.events:Event" type="i" /> 
      </script>
      <digests>
        <digest type="SHA-256" signed="false" value="4d8c9282b4d02c6ea855d88062d84f2ee6724c882849a28902cb23025104b3dc"   />
      </digests>
    </library>
  </libraries>
  <files>
  </files>
</swc>
