<extension xmlns="http://ns.adobe.com/air/extension/3.1">
  <id>com.codealchemy.ane.admobane</id>
  <versionNumber>1</versionNumber>
  <platforms>
    <platform name="iPhone-ARM">
            <applicationDeployment>
                <nativeLibrary>libAdMobAne.a</nativeLibrary>
		<initializer>AdMobAneExtInitializer</initializer>
		<finalizer>AdMobAneExtFinalizer</finalizer>
            </applicationDeployment>
    </platform>
    <platform name="Android-ARM"> 
        <applicationDeployment> 
            <nativeLibrary>libAdMobAne.jar</nativeLibrary> 
            <initializer>com.codealchemy.ane.admobane.Extension</initializer> 
            <finalizer>com.codealchemy.ane.admobane.Extension</finalizer> 
        </applicationDeployment> 
    </platform> 
    <platform name="default"> 
        <applicationDeployment/> 
    </platform> 
  </platforms>
</extension>